Headline,count
Watch: Moment rodeo bull hops arena fence and shocks crowd,2
"'Love isn't just for young people': D-Day veteran, 100, weds bride, 96",2
Watch: Lava engulfs road in Iceland,2
Widow of IS leader reveals details of their life together,2
"Michael Mosley died of natural causes, police say",2
A cartoon cat has been vexing China’s censors – now he says they are on his tail,2
Billie Eilish: 'I was ghosted. It was insane',2
India v Pakistan helps cricket's American dream gather pace,2
Have Milei's first six months improved the Argentine economy?,2
Far right makes gains in EU election but it could struggle to unite,1
Three swimmers hurt in shark attacks in Florida,1
Adults and teens turn to 'dumbphones' to cut screen time,1
Macron takes huge risk with surprise election,1
"Boys, 12, found guilty of machete murder",1
Paris mayor 'stunned' by snap French election weeks before Olympics,1
Giovanni Pernice will not return to Strictly Come Dancing,1
Liverpool and Scotland great Hansen 'seriously ill',1
Europe's night of election drama capped by Macron bombshell,1
Euro 2024 build-up plus football and transfer latest,1
Curry included in England squad for summer tour,1
'Euro 2024 feels like now or never for Southgate's England',1
Real & Ancelotti confirm Club World Cup involvement,1
'Russell rues missed opportunity but big picture positive for Mercedes',1
Dozens killed by suspected DR Congo rebels in spate of attacks,1
On holiday on election day? Learn how you can vote,1
"Graduation ceremony finally happens, 50 years later",1
One-minute World News,1
French president takes huge risk with surprise election,1
Glastonbury festival 'was due to close' in the 90s,1
'Spy mania': Why is Russia accusing its own physicists of treason?,1
Will coalition turn domineering Modi into a humbler leader?,1
Nigerian star's drowning forces Nollywood to look at safety,1
A night of drama in Europe as EU parliament moves to right,1
Nine Hindu pilgrims killed in bus attack in India's Jammu,1
Wildfires threaten unique Brazil ecosystem,1
Gaza health ministry says Israeli hostage rescue killed 274 Palestinians,1
Last civilian hospital in besieged Sudan city closed,1
Two-in-one flu and Covid jab passes advanced trial,1
Blinken in Middle East to sell Gaza ceasefire deal,1
Consortium with Saudi royal makes £400m Everton bid,1
